delta_1,delta_2,delta_3,Rel,RMSE,log10
0.7134878779758772,0.9090122059212898,0.9725159047336506,2.3517141,1.6642814,0.08096996
