delta_1,delta_2,delta_3,Rel,RMSE,log10
0.6745450910587312,0.8860900152801304,0.967511215105318,2.3943584,1.7874485,0.088619545
