delta_1,delta_2,delta_3,Rel,RMSE,log10
0.6859239952277506,0.8824645414844375,0.9569276930831092,2.3150828,1.6956334,0.09118943
